{
  "kbtl_binary": {
    "train_acc": [
      100.0,
      100.0,
      100.0,
      100.0,
      100.0,
      100.0,
      100.0
    ],
    "test_acc": [
      99.7,
      94.85,
      96.25,
      91.9,
      99.15,
      98.85,
      100.0
    ],
    "mean_train_acc": 100.0,
    "mean_test_acc": 97.24285714285715
  },
  "kbtl_multiclass": {
    "train_acc": [
      100.0,
      99.1304347826087,
      99.28571428571429,
      100.0,
      100.0,
      100.0,
      100.0
    ],
    "test_acc": [
      74.9,
      94.525,
      90.725,
      94.775,
      89.95,
      84.4,
      100.0
    ],
    "mean_train_acc": 99.773735581189,
    "mean_test_acc": 89.89642857142857
  },
  "mjda": {
    "test_acc": 100.0,
    "test_f1": 1.0
  },
  "bda_gnat_piper": {
    "train_target_acc": 69.20529801324503,
    "train_target_f1": 0.6112276252255767,
    "mmd": 0.0016336202972965937
  }
}